{"totalRow":6,"data":[
  {"name":"兰翠","age":16,"sex":0,"idCard":"431252199009090685"},
  {"name":"琉璃","age":18,"sex":0,"idCard":"431252199009090683"},
  {"name":"思雨","age":21,"sex":0,"idCard":"431252199009090682"},
  {"name":"朱辉","age":16,"sex":1,"idCard":"431252199009090685"},
  {"name":"彭拜","age":18,"sex":1,"idCard":"431252199009090683"},
  {"name":"董敏","age":21,"sex":0,"idCard":"431252199009090682"},
  {"name":"茼蒿","age":19,"sex":1,"idCard":"431252199009090681"}
]}